case,mean_input_bytes,median_batch_ns_per_message,messages_per_second,MiB_per_second,p50_ns,p95_ns,p99_ns,checksum
dense_match_limit,4000.0,61208.6,16338,62.3,75754,100081,143186,0
synthetic_100_clean,69.0,2072.6,482491,31.7,2163,2214,2273,0
synthetic_1000_clean,69.0,2112.1,473472,31.2,2083,2204,2303,0
clean_ascii,69.0,2187.4,457157,30.1,2183,2234,2394,0
clean_thai,174.0,6755.6,148025,24.6,6650,6770,9594,0
literal_hit,36.0,1401.9,713299,24.5,1402,1442,1462,0
obfuscation,32.0,1219.4,820081,25.0,1212,1242,1272,0
seeded_mixed,24.0,1219.7,819866,18.8,982,2935,3656,1
long_ascii_4096B,4096.0,71824.9,13923,54.4,68694,104919,231079,0
long_thai_4095B,4095.0,133612.9,7484,29.2,122695,172160,280653,0
over_limit_4097B,4097.0,6.4,156030582,609643.3,21,30,31,0
guard_only_existing_key,69.0,63.6,15714376,1034.1,80,91,91,0
